{"iterations": 400, "learning_rate": 0.052134924643282225, "depth": 3, "l2_leaf_reg": 28.81937905764307, "bagging_temperature": 0.8873330737357291, "random_strength": 0.02410342166869428}