{"num_leaves": 68, "max_depth": 14, "learning_rate": 0.29852257994200754, "feature_fraction": 0.6681508325189636, "bagging_fraction": 0.6252133804038305, "bagging_freq": 10, "min_child_samples": 9}