{"n_estimators": 500, "max_depth": 5, "learning_rate": 0.09549255846165007, "subsample": 0.7448521531694761, "colsample_bytree": 0.7059994531767697, "min_child_weight": 4}